Ziplining,
Lebanese,
Art Galleries,
Bangladeshi,
Landmarks & Historical Buildings,
Amusement Parks,
Mountain Biking,
Golf Lessons,
Herbs & Spices,
Gluten-Free,
Cocktail Bars,
Puerto Rican,
Aquariums,
Tobacco Shops,
Pet Adoption,
Pharmacy,
American (New),
Steakhouses,
Smokehouse,
Cuban,
Cafeteria,
Kebab,
Wholesalers,
Donuts,
Popcorn Shops,
Falafel,
Desserts,
Botanical Gardens,
Comedy Clubs,
Hot Pot,
Bakeries,
Basque,
Custom Cakes,
Pakistani,
Noodles,
Dim Sum,
Hot Dogs,
Tapas Bars,
Butcher,
Macarons,
Golf,
Food Delivery Services,
Local Services,
Comfort Food,
Szechuan,
Karaoke,
Music & DVDs,
Farmers Market,
Izakaya,
Planetarium,
Vegan,
Himalayan/Nepalese,
Brazilian,
Indonesian,
Japanese,
Tex-Mex,
American (Traditional),
Seafood,
Hawaiian,
Convenience Stores,
Museums,
Speakeasies,
Modern European,
Turkish,
Persian/Iranian,
Malaysian,
Live/Raw Food,
Venezuelan,
Tea Rooms,
Food,
Laotian,
Tiki Bars,
French,
Performing Arts,
Food Stands,
Waffles,
"Men's Clothing""}",
Teppanyaki,
Mongolian,
Public Art,
"Women's Clothing""}",
Gastropubs,
Bookstores,
Gift Shops,
Bocce Ball,
Korean,
Fruits & Veggies,
Middle Eastern,
Summer Camps,
Coffee & Tea,
Gas Stations,
Delis,
Restaurants,
Honduran,
Buffets,
Chicken Shop,
Ice Cream & Frozen Yogurt,
Poke,
Pizza,
Meat Shops,
International Grocery,
Health & Medical,
Challenge Courses,
Haitian,
Social Clubs,
Cards & Stationery,
Food Trucks,
Fondue,
Hotels,
Dog Parks,
Pop-Up Restaurants,
Dive Bars,
Tapas/Small Plates,
Cabaret,
Yoga,
Senegalese,
Mexican,
Sewing & Alterations,
Belgian,
Kosher,
Soup,
Gelato,
Venues & Event Spaces,
Irish,
Juice Bars & Smoothies,
Seafood Markets,
Music Venues,
Sushi Bars,
Motorcycle Repair,
Peruvian,
African,
Grocery,
Gay Bars,
Russian,
Kids Activities,
Fast Food,
Local Flavor,
Lounges,
Beer Gardens,
Dance Clubs,
Pool & Billiards,
Airport Lounges,
Water Parks,
Spanish,
Halal,
Stadiums & Arenas,
Dominican,
Indoor Playcentre,
Themed Cafes,
Cultural Center,
"Children's Museums""}",
Personal Chefs,
Beer,
Festivals,
Fish & Chips,
Beer Tours,
Churches,
Skating Rinks,
Nightlife,
Art Museums,
Pet Groomers,
Brasseries,
British,
Tacos,
Dance Schools,
Chicken Wings,
Chocolatiers & Shops,
Soccer,
Patisserie/Cake Shop,
Hobby Shops,
Dinner Theater,
Irish Pub,
Walking Tours,
Pasta Shops,
Comic Books,
Hostels,
Team Building Activities,
Cooking Classes,
Accessories,
Barbeque,
Jewelry,
Churros,
Wine Tasting Room,
Department Stores,
Ramen,
Taiwanese,
Bowling,
Salvadoran,
Soul Food,
Party & Event Planning,
Afghan,
Libraries,
Bars,
Jazz & Blues,
Synagogues,
Cigar Bars,
Wedding Planning,
Beer Bar,
Vietnamese,
Australian,Food
Health Retreats,Active Life
Zoos,Attractions
Argentine,Food
Pretzels,Food
Street Vendors,Food
Moroccan,Food
Chinese,Food
Cinema,Arts&Entertainment
Tennis,Active Life
Scandinavian,Food
Cafes,Food
Ethiopian,Food
Florists,Shopping
Caterers,Food
Sports Bars,Night Life
Wok,Food
Fishing,Active Life
Historical Tours,Arts&Entertainment
Indian,Food
Vegetarian,Food
Wraps,Food
Cheesesteaks,Food
Playgrounds,Active Life
Sandwiches,Food
Home Decor,Shopping
Recreation Centers,Active Life
Tabernas,Food
Cantonese,Food
Arts & Entertainment,Arts&Entertainment
Southern,Food
Cheese Shops,Food
Empanadas,Food
Do-It-Yourself Food,Food
Greek,Food
Brewpubs,Night Life
Arcades,Arts&Entertainment
Bubble Tea,Food
Motorcycle Gear,NULL
Caribbean,Food
Climbing,Active Life
Hiking,Active Life
Cajun/Creole,Food
Creperies,Food
Wine Bars,Night Life
Salad,Food
Signature Cuisine,Food
Coffee Roasteries,Food
Thai,Food
Adult Education,Arts&Entertainment
Car Wash,NULL
Italian,Food
German,Food
Education,Arts&Entertainment
Sporting Goods,Shopping
Clock Repair,NULL
Specialty Food,Food
Acai Bowls,Food
Sports Clubs,Active Life
Parks,Active Life
Community Service/Non-Profit,NULL
Breakfast & Brunch,Food
Conveyor Belt Sushi,Food
Diners,Food
Cosmetics & Beauty Supply,Arts&Entertainment
Eatertainment,Arts&Entertainment
Shopping,Shopping
Trinidadian,Food
Pool Halls,Active Life
Bagels,Food
Shaved Ice,Food
Burgers,Food
Flowers & Gifts,Shopping
Basketball Courts,Active Life
Organic Stores,Shopping
Asian Fusion,Food
Mediterranean,Food
Escape Games,Arts&Entertainment
Used,Shopping
Cupcakes,Food
Imported Food,Food
Tours,Arts&Entertainment
Colombian,Food
Whiskey Bars,Night Life
Yelp Events,Arts&Entertainment
Candy Stores,Food
South African,Food
Pan Asian,Food
Distilleries,Attractions
Filipino,Food
Latin American,Food
Piano Bars,Night Life
Golf Equipment,Shopping
Food Court,Food
Pancakes,Food
Portuguese,Food
Breweries,Night Life
Pubs,Night Life
Trampoline Parks,Active Life
Hookah Bars,Night Life