Zoos,Attractions,Zoos
Ziplining,Outdoor,Ziplining
Yoga,Active Life,Yoga
Yelp Events,Arts&Entertainment,Yelp Events
Women's Clothing,Shopping,Women's Clothing
Wine Tasting Room,Arts&Entertainment,Wine Tasting Room
Wine Bars,Night Life,Wine Bars
Wholesalers,Shopping,Wholesalers
Whiskey Bars,Night Life,Whiskey Bars
Wedding Planning,NULL,Wedding Planning
Water Parks,Attractions,Water Parks
Walking Tours,Active Life,Walking Tours
Venues & Event Spaces,Attractions,Venues & Event Spaces
Used,Shopping,Used
Turkish,Food,Turkish
Trampoline Parks,Active Life,Trampoline Parks
Tours,Arts&Entertainment,Tours
Tobacco Shops,Shopping,Tobacco Shops
Tiki Bars,Night Life,Tiki Bars
Tennis,Active Life,Tennis
Team Building Activities,Active Life,Team Building Activities
Tapas/Small Plates,Food,Tapas
Synagogues,Active Life,Synagogues
Summer Camps,Active Life,Summer Camps
Stadiums & Arenas,Attractions,Stadiums & Arenas
Sports Clubs,Active Life,Sports Clubs
Sports Bars,Night Life,Sports Bars
Sporting Goods,Shopping,Sporting Goods
Speakeasies,Arts&Entertainment,Speakeasies
Basque,Food,Spanish
Tapas Bars,Food,Spanish
Spanish,Food,Spanish
Tabernas,Food,Spanish
Indonesian,Food,South Asian
Malaysian,Food,South Asian
Laotian,Food,South Asian
Vietnamese,Food,South Asian
Thai,Food,South Asian
Filipino,Food,South Asian
Venezuelan,Food,South American
Argentine,Food,South American
Social Clubs,Active Life,Social Clubs
Soccer,Active Life,Soccer
Popcorn Shops,Food,Snacks
Churros,Food,Snacks
Skating Rinks,Active Life,Skating Rinks
Shopping,Shopping,Shopping
Sewing & Alterations,Shopping,Sewing & Alterations
Seafood,Food,Seafood
Hawaiian,Food,Seafood
Seafood Markets,Food,Seafood
Fish & Chips,Food,Seafood
Cajun/Creole,Food,Seafood
Russian,Food,Russian
Restaurants,Food,Restaurants
Soup,Food,Restaurants
Personal Chefs,Food,Restaurants
Soul Food,Food,Restaurants
Caterers,Food,Restaurants
Wraps,Food,Restaurants
Empanadas,Food,Restaurants
Signature Cuisine,Food,Restaurants
Specialty Food,Food,Restaurants
Acai Bowls,Food,Restaurants
Diners,Food,Restaurants
Food Court,Food,Restaurants
Recreation Centers,Active Life,Recreation Centers
Live/Raw Food,Food,Raw Food
Pubs,Night Life,Pubs
Public Art,Arts&Entertainment,Public Art
Pool Halls,Active Life,Pool Halls
Pool & Billiards,Night Life,Pool & Billiards
Poke,Arts&Entertainment,Poke
Playgrounds,Active Life,Playgrounds
Planetarium,Attraction,Planetarium
Pizza,Food,Pizza
Piano Bars,Night Life,Piano Bars
Pharmacy,Shopping,Pharmacy
Performing Arts,Arts&Entertainment,Performing Arts
Patisserie/Cake Shop,Shopping,Patisserie/Cake Shop
Pasta Shops,Food,Pasta
Parks,Active Life,Parks
Organic Stores,Shopping,Organic Stores
Pet Adoption,NULL,NULL
Local Services,NULL,NULL
Health & Medical,NULL,NULL
Hotels,NULL,NULL
Motorcycle Repair,NULL,NULL
Airport Lounges,NULL,NULL
Pet Groomers,NULL,NULL
Accessories,NULL,NULL
Party & Event Planning,NULL,NULL
Nightlife,Night Life,Nightlife
Music Venues,Arts&Entertainment,Music Venues
Music & DVDs,Shopping,Music & DVDs
Museums,Attraction,Museums
Mountain Biking,Active Life,Mountain Biking
Motorcycle Gear,NULL,Motorcycle Gear
Lebanese,Food,Middle Eastern
Kebab,Food,Middle Eastern
Pakistani,Food,Middle Eastern
Middle Eastern,Food,Middle Eastern
Halal,Food,Middle Eastern
Afghan,Food,Middle Eastern
Tex-Mex,Food,Mexican
Mexican,Food,Mexican
Men's Clothing,Shopping,Men's Clothing
Mediterranean,Food,Mediterranean
Meat Shops,Shopping,Meat Shops
Lounges,Night Life,Lounges
Local Flavor,Food,Local Flavor
Libraries,Arts&Entertainment,Libraries
Landmarks & Historical Buildings,Attraction,Landmarks & Historical Buildings
Korean,Food,Korean
Kids Activities,Active Life,Kids Activities
Karaoke,Arts&Entertainment,Karaoke
Juice Bars & Smoothies,Food,Juice Bars & Smoothies
Kosher,Food,Jewish
Jewelry,Shopping,Jewelry
Jazz & Blues,Arts&Entertainment,Jazz & Blues
Izakaya,Food,Japanese
Japanese,Food,Japanese
Teppanyaki,Food,Japanese
Sushi Bars,Food,Japanese
Conveyor Belt Sushi,Food,Japanese
Persian/Iranian,Food,Iranian
International Grocery,Shopping,International Grocery
Indoor Playcentre,Active Life,Indoor Playcentre
Bangladeshi,Food,Indian
Himalayan/Nepalese,Food,Indian
Indian,Food,Indian
Imported Food,Shopping,Imported Food
Ice Cream & Frozen Yogurt,Food,Ice Cream & Frozen Yogurt
Hostels,NULL,Hostels
Hookah Bars,Night Life,Hookah Bars
Home Decor,Shopping,Home Decor
Hobby Shops,Shopping,Hobby Shops
Historical Tours,Arts&Entertainment,Historical Tours
Hiking,Active Life,Hiking
Herbs & Spices,Shopping,Herbs & Spices
Gluten-Free,Food,Healthy
Fruits & Veggies,Food,Healthy
Vegetarian,Food,Healthy
Salad,Food,Healthy
Health Retreats,NULL,Health Retreats
Grocery,Shopping,Grocery
Greek,Food,Greek
Golf Lessons,Active Life,Golf Lessons
Golf Equipment,Shopping,Golf Equipment
Golf,Active Life,Golf
Gift Shops,Shopping,Gift Shops
Gay Bars,Night Life,Gay Bars
Gastropubs,Night Life,Gastropubs
Gas Stations,Shopping,Gas Stations
French,Food,French
Food Delivery Services,Food,Food Delivery Services
Food,Food,Food
Flowers & Gifts,Shopping,Flowers & Gifts
Florists,Shopping,Florists
Fishing,Active Life,Fishing
Festivals,Attractions,Festivals
Food Stands,Food,Fast Food
Waffles,Food,Fast Food
Food Trucks,Food,Fast Food
Pop-Up Restaurants,Food,Fast Food
Fast Food,Food,Fast Food
Tacos,Food,Fast Food
Chicken Wings,Food,Fast Food
Street Vendors,Food,Fast Food
Sandwiches,Food,Fast Food
Bagels,Food,Fast Food
Burgers,Food,Fast Food
Farmers Market,Shopping,Farmers Market
Modern European,Food,European
Fondue,Food,European
Belgian,Food,European
Irish,Food,European
Peruvian,Food,European
Brasseries,Food,European
British,Food,European
Irish Pub,Food,European
Salvadoran,Food,European
Australian,Food,European
Scandinavian,Food,European
Italian,Food,European
German,Food,European
Portuguese,Food,European
Ethiopian,Food,Ethiopian
Escape Games,Arts&Entertainment,Escape Games
Falafel,Food,Egyptian
Education,Arts&Entertainment,Education
Eatertainment,Arts&Entertainment,Eatertainment
Do-It-Yourself Food,Food,Do-It-Yourself Food
Dog Parks,Active Life,Dog Parks
Dive Bars,Night Life,Dive Bars
Distilleries,Attractions,Distilleries
Dinner Theater,Arts&Entertainment,Dinner Theater
Desserts,Food,Desserts
Macarons,Food,Desserts
Buffets,Food,Desserts
Gelato,Food,Desserts
Shaved Ice,Food,Desserts
Cupcakes,Food,Desserts
Pancakes,Food,Desserts
Department Stores,Shopping,Department Stores
Donuts,Food,Deli
Hot Dogs,Food,Deli
Delis,Food,Deli
Dance Schools,Arts&Entertainment,Dance Schools
Dance Clubs,Night Life,Dance Clubs
Cultural Center,Arts&Entertainment,Cultural Center
Cosmetics & Beauty Supply,Arts&Entertainment,Cosmetics & Beauty Supply
Cooking Classes,Arts&Entertainment,Cooking Classes
Convenience Stores,Shopping,Convenience Stores
Community Service/Non-Profit,NULL,Community Service/Non-Profit
Comic Books,Shopping,Comic Books
Comfort Food,Food,Comfort
Comedy Clubs,Arts&Entertainment,Comedy Clubs
Colombian,Food,Colombian
Tea Rooms,Food,Coffee&Tea
Bubble Tea,Food,Coffee&Tea
Coffee Roasteries,Food,Coffee&Tea
Coffee & Tea,Food,Coffee & Tea
Cocktail Bars,Night Life,Cocktail Bars
Clock Repair,NULL,Clock Repair
Climbing,Active Life,Climbing
Cinema,Arts&Entertainment,Cinema
Cigar Bars,Night Life,Cigar Bars
Churches,Active Life,Churches
Chocolatiers & Shops,Shopping,Chocolatiers & Shops
Taiwanese,Food,Chinese
Chinese,Food,Chinese
Children's Museums,Arts&Entertainment,Children's Museums
Chicken Shop,Shopping,Chicken Shop
Cheese Shops,Food,Cheese Shops
Challenge Courses,Active Life,Challenge Courses
Honduran,Food,Central American
Puerto Rican,Food,Caribbean
Cuban,Food,Caribbean
Haitian,Food,Caribbean
Dominican,Food,Caribbean
Caribbean,Food,Caribbean
Trinidadian,Food,Caribbean
Cards & Stationery,Shopping,Cards & Stationery
Car Wash,NULL,Car Wash
Candy Stores,Shopping,Candy Stores
Cafeteria,Food,Caf??
Themed Cafes,Food,Caf??
Cafes,Food,Caf??
Cabaret,Arts&Entertainment,Cabaret
Butcher,Shopping,Butcher
Vegan,Food,Burger
Brewpubs,Night Life,Brewpubs
Breweries,Night Life,Breweries
Breakfast & Brunch,Food,Breakfast & Brunch
Brazilian,Food,Brazilian
Bowling,Active Life,Bowling
Botanical Gardens,Attraction,Botanical Gardens
Bookstores,Shopping,Bookstores
Bocce Ball,Active Life,Bocce Ball
Beer Tours,Attractions,Beer Tours
Beer Gardens,Night Life,Beer Gardens
Beer Bar,Night Life,Beer Bar
Beer,Night Life,Beer
Basketball Courts,Active Life,Basketball Courts
Bars,Night Life,Bars
Barbeque,Food,Barbeque
Bakeries,Food,Bakery
Custom Cakes,Food,Bakery
Pretzels,Food,Bakery
Creperies,Food,Bakery
Hot Pot,Food,Asian
Noodles,Food,Asian
Dim Sum,Food,Asian
Szechuan,Food,Asian
Mongolian,Food,Asian
Ramen,Food,Asian
Wok,Food,Asian
Cantonese,Food,Asian
Asian Fusion,Food,Asian
Pan Asian,Food,Asian
Arts & Entertainment,Arts&Entertainment,Arts & Entertainment
Art Museums,Arts&Entertainment,Art Museums
Art Galleries,Attraction,Art Galleries
Arcades,Arts&Entertainment,Arcades
Aquariums,Attraction,Aquariums
Amusement Parks,Attraction,Amusement Parks
American (New),Food,American
Steakhouses,Food,American
Smokehouse,Food,American
American (Traditional),Food,American
Cheesesteaks,Food,American
Southern,Food,American
Latin American,Food,American
Senegalese,Food,African
African,Food,African
Moroccan,Food,African
South African,Food,African
Adult Education,Arts&Entertainment,Adult Education
